{"tl": 0.38521915674209595, "ta": 0.890625, "epoch": 9, "trainer/global_step": 4689, "_timestamp": 1712598386.5822372, "_runtime": 92.84925031661987, "_step": 892, "vl_step": 0.11647646874189377, "va_step": 0.9375, "vl_epoch": 0.2933943271636963, "va_epoch": 0.9157999753952026, "_wandb": {"runtime": 91}}