{"tl": 0.40648436546325684, "ta": 0.890625, "epoch": 9, "trainer/global_step": 4689, "_timestamp": 1712598730.7295542, "_runtime": 225.43387413024902, "_step": 892, "vl_step": 0.21789856255054474, "va_step": 0.9375, "vl_epoch": 0.3326447606086731, "va_epoch": 0.9111999869346619, "_wandb": {"runtime": 224}}