{"tl": 0.08839280158281326, "ta": 0.9609375, "epoch": 9, "trainer/global_step": 4689, "_timestamp": 1712597371.1374314, "_runtime": 184.66240739822388, "_step": 892, "vl_step": 0.007139986380934715, "va_step": 1.0, "vl_epoch": 0.13025009632110596, "va_epoch": 0.9603999853134155, "_wandb": {"runtime": 178}}